spellname,school,level,type,target,range,accuracy,preparation_time,recovery_time,effect_1,effect_2,effect_3,effect_4,effect_5,description
Strong Words,Bardic,10,Enhancement,all_allies,1280,100,5,6,0,0,0,0,0,This Bardic Enhancement strengthens your allies for six hours.
Minor Melodic Shield,Bardic,20,Warding,single_ally,1280,100,6,6,0,0,0,0,0,Creates a barrier of force to protect your target a small amount from all damage types.
Minor Song of Rejuvenation,Bardic,30,Restoration,all_allies,960,100,6,6,0,0,0,0,0,Heals all Allies hitpoints.
Clarity of Purpose,Bardic,40,Enhancement,all_allies,1280,100,4,5,0,0,0,0,0,Enhances all Allies intelligence for six hours.
Minor Finesse,Bardic,60,Enhancement,single_target,1280,100,4,5,0,0,0,0,0,Increases your target's skill with weapons for six hours.
Revealing Hymn,Bardic,70,Enhancement,self,10,100,4,5,0,0,0,0,0,Calls upon the knowledge of Bards long dead - increasing the casters lore skill for three hours.
Song of Healing,Bardic,80,Restoration,all_allies,1280,100,6,6,0,0,0,0,0,Heals all Allies a small amount.
Sharp Note,Bardic,90,Evocation,single_enemy,1280,100,6,6,0,0,0,0,0,Creates a brief blast of sound that damages a single Enemy.
Forte,Bardic,110,Enhancement,all_allies,1280,100,4,5,0,0,0,0,0,Strengthens all your Allies for six hours.
Shield of Song,Bardic,120,Warding,single_ally,1280,100,6,6,0,0,0,0,0,Creates a barrier of force to protect your target a small amount from all damage types.
Clarity of Mind,Bardic,140,Enhancement,all_allies,1230,100,4,5,0,0,0,0,0,Enhances all Allies' intelligence for six hours.
Artful Dodger,Bardic,150,Enhancement,self,10,100,4,5,0,0,0,0,0,This Bardic Enhancement incrases the caster's evasion for six hours.
Silver Tongue,Bardic,160,Enhancement,single_target,1280,100,4,5,0,0,0,0,0,This Bardic Enhancement increases your target's skill with words for six hours.
Lesser Revealing Hymn,Bardic,170,Enhancement,self,10,100,4,5,0,0,0,0,0,This Bardic Divination calls upon the knowledge of bards long dead - increasing the caster's lore skill for three hours.
Hymn of Healing,Bardic,180,Restoration,all_allies,960,100,6,6,0,0,0,0,0,This Bardic Restoration heals all allies a small amount.
Sour Note,Bardic,190,Evocation,single_enemy,960,100,6,6,0,0,0,0,0,This Bardic Evocation creates a brief blast of sound that damages a single enemy.
Reprise,Bardic,200,Restoration,single_ally,100,100,25,10,0,0,0,0,0,This Bardic Restoration returns a fallen comrad to life.
Mezzo Forte,Bardic,210,Enhancement,all_allies,1280,100,4,5,0,0,0,0,0,This Bardic Enhancement strengthens your allies for six hours.
Sonic Ward,Bardic,220,Warding,single_ally,1280,100,6,6,0,0,0,0,0,This Bardic Warding creates a barrier of force to protect your target a moderate amount from all damage types.
Song of Rejuvenation,Bardic,230,Restoration,all_allies,960,100,6,6,0,0,0,0,0,This Bardic Restoration heals all allies' hit points.
Clarity of Thought,Bardic,240,Enhancement,all_allies,1280,100,4,5,0,0,0,0,0,This Bardic Enhancement enhances all alies' intelligence for six hours.
Barfly,Bardic,250,Invocation,self,10,100,10,5,0,0,0,0,0,This Bardic Invocation teleports the caster to the Birchwood Inn...mostly.
Skilled Technique,Bardic,260,Enhancement,single_ally,1280,100,4,5,0,0,0,0,0,This Bardic Enhancement increases your target's skill with weapons for six hours.
Revealing Hymn,Bardic,270,Enhancement,self,1280,100,4,5,0,0,0,0,0,This Bardic Divination calls upon the knowledge of bards long dead - increasing the caster's lore skill for three hours.
Chant of Healing,Bardic,280,Restoration,all_allies,960,100,6,6,0,0,0,0,0,This Bardic Restoration heals all allies a moderate amount.
Discordant Note,Bardic,290,Evocation,front_enemies,960,100,8,8,0,0,0,0,0,This Bardic Evocation creates a brief blast of sound that damages all enemies you are facing.
Arrousing Air,Bardic,300,Enhancement,all_allies,1280,100,4,5,0,0,0,0,0,This Bardic Enhancement raises the attributes of your allies for six hours.
Fortisimo,Bardic,310,Enhancement,all_allies,1280,100,4,5,0,0,0,0,0,This Bardic Enhancement strenghtens your allies for six hours.
Hymn of Protection,Bardic,320,Warding,single_ally,1280,100,6,6,0,0,0,0,0,This Bardic Warding creates a barrier of force to protect your target a moderate amount from all damage types.
Greater Song of Rejuvenation,Bardic,330,Restoration,all_allies,1280,100,6,6,0,0,0,0,0,This Bardic Restoration heals all allies' hit points.
Clarity of Being,Bardic,340,Enhancement,all_allies,1280,100,4,5,0,0,0,0,0,This Bardic Enhancement enhances all allies' intelligence for six hours.
Cat's Sense,Bardic,350,Enhancement,self,1280,100,4,5,0,0,0,0,0,This Bardic Enhancement increases the caster's evasion and dexterity for six hours.
Golden Tongue,Bardic,360,Enhancement,single_ally,1280,100,4,5,0,0,0,0,0,This Bardic Enhancement incrases your target's skill with words for six hours.
Greater Revealing Hymn,Bardic,370,Enhancement,self,10,100,4,5,0,0,0,0,0,This Bardic Divination calls upon the knowledge of bards long dead - increasing the caster's lore skill for three hours.
Serenade of Healing,Bardic,380,Restoration,all_allies,960,100,6,6,0,0,0,0,0,This Bardic Restoration heals all allies a moderate amount.
Dissonant Note,Bardic,390,Evocation,single_enemy,960,100,6,6,0,0,0,0,0,This Bardic Evocation distorts the area around a single enemy - damaging your target with a blast of sound.
Bard's Charm,Bardic,400,Enhancement,all_allies,1280,100,4,5,0,0,0,0,0,This Bardic Enhancement raises the spellcraft of your allies for six hours.
Sforzando,Bardic,410,Enhancement,all_allies,1280,100,4,5,0,0,0,0,0,This Bardic Enhancement strenghtens your allies for six hours.
Jondamars Protective Psalm,Bardic,420,Warding,single_ally,1280,100,6,6,0,0,0,0,0,This Bardic Warding creates a barrier of force to protect your target a large amount from all damage types.
Major Song of Rejuvenation,Bardic,430,Restoration,all_allies,960,100,6,6,0,0,0,0,0,This Bardic Restoration healls all allies' hit points.
Clarity of Soul,Bardic,440,Enhancement,all_allies,1280,100,4,5,0,0,0,0,0,This Bardic Enhancement enhances all allies' intelligence for six hours.
Bar Hopping,Bardic,450,Invocation,self,1280,100,10,5,0,0,0,0,0,This Bardic Invocation teleports the caster to one of the taverns in South Vormis.
Jack of All Trades,Bardic,460,Enchantment,single_ally,1280,100,4,5,0,0,0,0,0,This Bardic Enhancement increases your target's skill with weapons for six hours.
Major Revealing Hymn,Bardic,470,Enhancement,self,1280,100,4,5,0,0,0,0,0,This Bardic Divination calls upon the knowledge of bards long dead - increasing the caster's lore skill for three hours.
Symphony of Healing,Bardic,480,Restoration,all_allies,960,100,6,6,0,0,0,0,0,This Bardic Restoration heals all allies a large amount.
Cacophonous Note,Bardic,490,Evocation,single_enemy,960,100,6,6,0,0,0,0,0,This Bardic Evocation distorts the area around a single enemy - damaging your target with a blast of sound.
Potent Ballad,Bardic,500,Enhancement,all_allies,1280,100,4,5,0,0,0,0,0,This Bardic Enhancement raises the attributes of your allies for six hours.
Spray of Stone,Conjuring,10,Evocation,SingleEnemy,1280,100,9,3,0,0,0,0,0,This Conjuring Evocation is a simple attack spell that launches a number of small rocks at a single enemy.
Skin of Clay,Conjuring,20,Warding,SingleTarget,1280,100,6,3,0,0,0,0,0,This Conjuring Warding protects your target somewhat from all physical damage types.
Might of Clay,Conjuring,30,Enhancement,SingleTarget,1280,100,9,3,0,0,0,0,0,This Conjuring Enhancement grants increased strength and constitution but reduced dexterity for six hours.
Minor Weight of Stone,Conjuring,40,Curse,single_enemy,1280,100,9,3,0,0,0,0,0,This Conjuring Curse burdens the target down with phantom weight - slightly reducing his or her strength and dexterity.
Clay Soldier,Conjuring,50,Invocation,NoTargetRequired,1,100,9,3,0,0,0,0,0,This Conjuring Invocation creates a tough but unstable minor automaton to fight for the caster.
Touch of the Forge,Conjuring,60,Enchantment,SingleTarget,1280,100,9,3,0,0,0,0,0,This Conjuring Enhancement grants increased skill at armorsmithing - weponsmithing - fletching and tailoring.
Nor's Touch,Conjuring,70,Enhancement,SingleTarget,1280,100,9,3,0,0,0,0,0,This Conjuring Enhancement grants increased skill at mining and allows you to carry greater loads.
Grasping Hands of Clay,Conjuring,80,Curse,SingleEnemy,1280,100,9,3,0,0,0,0,0,This Conjuring curse reduces your targets movement for a period of time.
Lesser Crystal Sphere,Conjuring,100,Warding,NoTargetRequired,1280,100,6,3,0,0,0,0,0,This Conjuring Warding negates three quarters of the next physical strike on the caster.
Slicing Shards,Conjuring,110,Evocation,SingleEnemy,1280,100,9,3,0,0,0,0,0,This Conjuring Evocation creates a blast of sharp rocks to perforate a single enemy at range.
Skin of Stone,Conjuring,120,Warding,SingleTarget,1280,100,6,3,0,0,0,0,0,This Conjuring Warding protects your target somewhat from all physical damage types.
Might of Stone,Conjuring,130,Enhancement,SingleTarget,1280,100,9,3,0,0,0,0,0,This Conjuring Enhancement grants increased strength and constitution but reduced dexterity for six hours.
Lesser Weight of Stone,Conjuring,140,Curse,single_enemy,1280,100,9,3,0,0,0,0,0,This Conjuring Curse burdens the target down with phantom weight - reducing his or her strength and dexterity.
Miner's Portal,Conjuring,150,Invocation,self,1,100,10,5,0,0,0,0,0,This Conjuring Invocation teleports the caster to Haridos the ore refiner in Kaj Blood Plains.
Mind of the Forge,Conjuring,160,Enhancement,self,1,100,0,0,0,0,0,0,0,This Conjuring Enhancement give something to do with crafting.
Solidify,Conjuring,170,Curse,single_target,1280,100,0,0,0,0,0,0,0,This Conjuring Curse does something.
Grasping Hands of Stone,Conjuring,180,Curse,single_enemy,1280,100,0,0,0,0,0,0,0,This Conjuring Curse does something.
Lesser Crystal Aura,Conjuring,200,Warding,self,1,100,0,0,0,0,0,0,0,This Conjuring Warding takes half of the next hit before breaking.
Spray of Iron,Conjuring,210,Evocation,single_enemy,1280,100,9,3,0,0,0,0,0,This Conjuring Evocation is a simple attack spell that launches a number of iron projectiles at a single enemy.
Skin of Iron,Conjuring,220,Warding,single_target,1280,100,0,0,0,0,0,0,0,This Conjuring Warding gives the target a ward against all physical damage types.
Might of Iron,Conjuring,230,Enhancement,single_target,1280,100,0,0,0,0,0,0,0,This Conjuring Enhancement gives a large amount to strength to the target.
Weight of Stone,Conjuring,240,Curse,SingleEnemy,1280,100,9,3,0,0,0,0,0,This Conjuring Curse burdens the target down with phantom weight - moderately reducing his or her strength and dexterity.
Carthas Gate,Conjuring,250,Invocation,self,1,100,10,5,0,0,0,0,0,This Conjuring Invocation teleports the caster to the forge in Carthas.
Heart of the Forge,Conjuring,260,Enhancement,self,1,100,0,0,0,0,0,0,0,This Conjuring Enhancement does something with crafting.
Nor's Blessing,Conjuring,270,Enhancement,self,1,100,0,0,0,0,0,0,0,This Conjuring Enhancement does something to help with carrying mining weight.
Grasping Hands of Iron,Conjuring,280,Curse,single_enemy,1280,100,0,0,0,0,0,0,0,This Conjuring Curse does something.
Mass Warding,Conjuring,300,Warding,all_allies,960,100,0,0,0,0,0,0,0,This Conjuring Warding does something.
Spear of Quartz,Conjuring,310,Evocation,single_enemy,1280,100,9,3,0,0,0,0,0,This Conjuring Evocation creates a blast of jagged quartz crystals to perforate a single enemy at range.
Skin of Steel,Conjuring,320,Warding,single_ally,1280,100,0,0,0,0,0,0,0,This Conjuring Warning protects you from all physical damage.
Might of Steel,Conjuring,330,Enhancement,,1280,100,0,0,0,0,0,0,0,This Conjuring Enhancement give the target great strength.
Greater Weight of Stone,Conjuring,340,Curse,single_enemy,1280,100,9,3,0,0,0,0,0,This Conjuring Curse burdens the target down with phantom weight - greatly reducing his or her strength and dexterity.
Soul of the Forge,Conjuring,360,Enhancement,self,1,100,0,0,0,0,0,0,0,This Conjuring Enhancement gives the caster some benefit to crafting.
Calcify,Conjuring,370,Curse,single_enemy,1280,100,0,0,0,0,0,0,0,This Conjuring Curse makes the target heavy.
Grasping Hands of Steel,Conjuring,380,Curse,single_enemy,1280,100,0,0,0,0,0,0,0,This Conjruing Curse saps the strenght of target enemy.
Crystal Sphere,Conjuring,400,Warding,self,1,100,0,0,0,0,0,0,0,This Conjuring WArding gives the caster a one time ward against more than half damage.
Spray of Steel,Conjuring,410,Evocation,single_enemy,1280,100,9,3,0,0,0,0,0,This Conjuring Evocation is a simple attack spell that launches a number of steel projectiles at a single enemy.
Skin of Magic,Conjuring,420,Warding,single_ally,1280,100,0,0,0,0,0,0,0,This Conjuring Warding gives the target a strong magical barrier against all physical damage.
Might of Magic,Conjuring,430,Enhancement,single_ally,1280,100,0,0,0,0,0,0,0,This Conjuring Enhancement gives the target a significant boost of strength.
Major Weight of Stone,Conjuring,440,Curse,single_enemy,1280,100,9,3,0,0,0,0,0,This Conjuring Curse burdens the target down with phantom weight - significantly reducing his or her strength and dexterity.
One With the Forge,Conjuring,460,Enhancement,self,1,100,0,0,0,0,0,0,0,This Conjuring Enhancement gives the caster a significant boost to crafting skills.
Nor's Grace,Conjuring,470,Enhancement,self,1,100,0,0,0,0,0,0,0,This Conjuring Enhancement gives the target some kind of bonus.
Nor's Inescapable Grasp,Conjuring,480,Curse,single_target,1280,100,0,0,0,0,0,0,0,This Conjuring Curse gives the target a massive encumbrance to sap its movement speed.
Iron Guardian,Conjuring,500,Invocation,none,1,100,9,3,0,0,0,0,0,This Conjuring Invocation creates an iron construct to fight for the caster.
Nature's Strength,Druidic,10,Enchantment,SingleTarget,1280,100,6,3,0,0,0,0,0,Causes primal energy to strengthen the target for six hours.
Minor Arctic Blast,Druidic,20,Evocation,SingleTarget,960,100,9,3,0,0,0,0,0,Creates a blast of cold to strike a single enemy.
Nature's Touch,Druidic,30,Restoration,SingleAlly,100,100,6,3,0,0,0,0,0,This Druidic Restoration heals a single ally for both HP and BP.
Nature's Grace,Druidic,40,Enchantment,SingleTarget,1280,100,6,3,0,0,0,0,0,Causes primal energy to increase the target's dexterity and constitution for six hours.
Call Woodland Creature,Druidic,50,Invocation,NoTargetRequired,1,100,9,3,0,0,0,0,0,Summons a small animal to aid you.
Glimpse of the Predator,Druidic,60,Enchantment,NoTargetRequired,30,100,6,3,0,0,0,0,0,Grants the caster increased strength - dexterity - skill at unarmed combat - staves and two weapons but decreases his or her intelligence
Minor Flame Strike,Druidic,70,Evocation,SingleEnemy,960,100,9,3,0,0,0,0,0,Creates a column of flame to strike a single enemy.
Nature's Salve,Druidic,80,Restoration,SingleAlly,960,100,9,3,0,0,0,0,0,Heals a single ally at range for both HP and BP
Static Shock,Druidic,90,Evocation,SingleEnemy,960,100,9,3,0,0,0,0,0,Creates a small bolt of lighting to unerringly strike a single enemy.
Guiding Breeze,Druidic,100,Enchantment,SingleAlly,1280,100,6,3,0,0,0,0,0,Controls the air around your target - increasing their skill with ranged weapons for six hours.
Nature's Might,Druidic,110,Enchantment,SingleTarget,1280,100,6,3,0,0,0,0,0,Causes primal energy to strengthen the target for six hours.
Chill Breeze,Druidic,120,Evocation,SingleEnemy,960,100,9,3,0,0,0,0,0,Created a blast of cold to strike a single enemy.
Nature's Mending,Druidic,130,Restoration,SingleAlly,960,100,9,3,0,0,0,0,0,Heals a single ally for mostly HP.
Nature's Gift,Druidic,140,Enchantment,SingleTarget,1280,100,6,3,0,0,0,0,0,Causes primal energy to increase the target's dexterity and constitution for six hours.
Call Predator,Druidic,150,Invocation,NoTargetRequired,1,100,9,3,0,0,0,0,0,This Druidic Invocation summons a woodland predator to aid you.
Mind of the Predator,Druidic,160,Enchantment,self,1,100,0,0,0,0,0,0,0,This Druidic Enhancement gives you strength I think.
Mark of Fire,Druidic,170,Evocation,single_enemy,1280,100,0,0,0,0,0,0,0,This Druidic Evocation casts a mark of flame at a single target.
Nature's Cure,Druidic,180,Restoration,single_ally,1280,100,0,0,0,0,0,0,0,This Druidic Restoration heals the target evenly HP and BP.
Lightning Strike,Druidic,190,Evocation,single_enemy,1280,100,0,0,0,0,0,0,0,This Druidic Evocation calls down a bolt of lightning on a single target.
Spark of Life,Druidic,200,Restoration,single_ally,400,100,0,0,0,0,0,0,0,This Druidic Restoration calls upon nature to raise a fallen ally from death.
Nature's Power,Druidic,210,Enchantment,self,1,100,0,0,0,0,0,0,0,This Druidic Enchantment gives the caster strenght I think.
North Wind,Druidic,220,Evocation,single_enemy,1280,100,0,0,0,0,0,0,0,This Drudic Evocation casts a blast of frost that damages a target enemy.
Nature's Remedy,Druidic,230,Restoration,single_ally,1280,100,0,0,0,0,0,0,0,This Druidic Restoration heals a target for both HP and BP.
Nature's Blessing,Druidic,240,Enchantment,single_ally,1280,100,0,0,0,0,0,0,0,This Druidic Enchantment gives the target strength I think.
Call Woodland Trickster,Druidic,250,Invocation,none,1,100,0,0,0,0,0,0,0,This Druidic Invocation calls a woodland trickster to aid the caster.
Aspect of the Predator,Druidic,260,Enchantment,NoTargetRequired,30,100,6,3,0,0,0,0,0,This Druidic Enhancement grants the caster increased strength - dexterity - skill at unarmed combat - staves and two weapons - but decreases his or her intelligence.
Burning Ray,Druidic,270,Evocation,single_enemy,1280,100,0,0,0,0,0,0,0,This Druidic Evocation burns the target with firey light.
Natures Boon,Druidic,280,Restoration,single_ally,1280,100,0,0,0,0,0,0,0,This Druidic Restoration heals the target for a large amount of HP.
Storm's Vengeance,Druidic,290,Evocation,all_enemies,960,100,0,0,0,0,0,0,0,This Druidic Evocation calls down a storm's lightning on all nearby enemies
True Strike,Druidic,300,Enchantment,SingleAlly,1280,100,6,3,0,0,0,0,0,This Druidic Enhancement controls the air around your target - increasing their skill with ranged weapons for six hours.
Nature's Grandeur,Druidic,310,Enchantment,single_ally,1280,100,0,0,0,0,0,0,0,This Druidic Enchantment gives the target a large amount of strength.
Winter's Fury,Druidic,320,Evocation,front_targets,1280,100,0,0,0,0,0,0,0,This Druidic Evocations casts a spray of ice bolts at all faceing targets.
Nature's Favor,Druidic,340,Enchantment,single_ally,1280,100,0,0,0,0,0,0,0,This Druidic Enchantment gives the target a large amount of strength.
Call Beast,Druidic,350,Invocation,none,1,100,0,0,0,0,0,0,0,This Druidic Invocation calls a fierce beast to aid the caster in combat.
Spirit of the Predator,Druidic,360,Enchantment,self,30,100,6,3,0,0,0,0,0,This Druidic Enhancement grants the caster increased strength - dexterity - skill at unarmed combat - staves and two weapons - but decreases his or her intelligence.
Volcanos Anger,Druidic,370,Evocation,all_enemies,600,100,0,0,0,0,0,0,0,This Druidic Evocation calls up fiery lava from the earth to scortch all nearby enemies.
Natures Regeneration,Druidic,380,Restoration,single_target,1280,100,0,0,0,0,0,0,0,This Druidic Restoration causes the target's healing rate to significantly increase for a short period of time.
Tempests Fury,Druidic,390,Evocation,front_enemies,1280,100,0,0,0,0,0,0,0,This Druidic Evocation channels the stormy power of a tempest do damage all facing enemies with electricity.
Safe Haven,Druidic,400,Invocation,self,1,100,10,5,0,0,0,0,0,This Druidic incantation teleports the caster to the temple in Halerma
Force of Nature,Druidic,410,Enchantment,SingleAlly,1280,100,6,3,0,0,0,0,0,This Druidic Enhancement causes primal energy to strengthen the target for six hours.
Ice Age,Druidic,420,Evocation,AllEnemies,960,100,15,5,0,0,0,0,0,This Druidic Evocation strikes all enemies with icy power.
Rejuvenating Breeze,Druidic,430,Restoration,FacingAllies,960,100,12,4,0,0,0,0,0,This Druidic Restoration heals all allies in an arc for mostly HP.
Nature's Chosen,Druidic,440,Enchantment,SingleAlly,1280,100,6,3,0,0,0,0,0,This Druidic Enhancement causes primal energy to increase in the target's dexterity and constitution for six hours.
Call Tiger,Druidic,450,Invocation,none,1,100,9,3,0,0,0,0,0,This Druidic Invocation summons a ferocious tiger to aid you.
Soul of the Predator,Druidic,460,Enchantment,self,30,100,6,3,0,0,0,0,0,This Druidic Enhancement grants the caster increased strength - dexterity - skill at unarmed combat - staves and two weapons - but decreases his or her intelligence.
Wildfire,Druidic,470,Evocation,front_enemies,960,100,12,4,0,0,0,0,0,This Druidic Evocation creates a sheet of flame to strike all enemies within your front arc.
Healing Rain,Druidic,480,Restoration,AllAllies,960,100,12,4,0,0,0,0,0,This Druidic Restoration heals all allies for both HP and BP.
Stormcall,Druidic,490,Evocation,FacingEnemies,960,100,12,4,0,0,0,0,0,This powerful Druidic Evocation creates a number of lightning bolts to unerringly strike all enemies within your front arc.
Nature in Balance,Druidic,500,Enhancement,SingleAlly,1280,100,6,3,0,0,0,0,0,This Druidic Enhancement brings the caster in tune with nature - raising all of their attributes of the attributes of a single ally for 6 hours.
Minor Mental Blast,Illusion,10,Curse,single_enemy,1280,100,9,3,0,0,0,0,0,Causes the senses of your target are over stimulated - causing increasing intelligence for three hours and stealing some mana.
Illusionary Arrow,Illusion,20,Evocation,single_enemy,1280,100,9,3,0,0,0,0,0,A simple attack spell that fires and arrow at a single enemy.
Minor Acuity,Illusion,30,Enhancement,single_ally,1280,100,9,3,0,0,0,0,0,Heightens the intelligence of the target for six hours.
Spectral Touch,Illusion,40,Evocation,single_enemy,100,100,6,3,0,0,0,0,0,Strikes at a target's mind - inflicting mana and essence damage.
Forgotten Lesson,Illusion,50,Curse,single_enemy,1280,100,9,3,0,0,0,0,0,Reduces the target's skill at arms and spells.
Minor Aspect of,Illusion,60,Enhancement,single_ally,1280,100,9,3,0,0,0,0,0,This Illusionary Enhancement makes the target slightly unreal - granting a small chance of avoiding blows.
Minor Spirit Dart,Illusion,70,Evocation,single_enemy,1280,100,9,3,0,0,0,0,0,Creates a dart of spiritual energy to strike a single enemy.
Instill Uncertainty,Illusion,80,Charm,single_enemy,1280,100,6,3,0,0,0,0,0,This Illusionary charm inserts doubt in the targets mind stunning them momentarily.
Harbinger of Fear,Illusion,90,Invocation,none,1,100,9,3,0,0,0,0,0,Creates an insubstantial being composed of fear and dread to attack your enemies.
Glimmer of Insight,Illusion,100,Enhancement,single_ally,1280,100,9,3,0,0,0,0,0,This Illusionary Enhancement opens the target's mind - incrasing his or her mana regeneration rate slightly. Additional mana increases the duration of this effect.
Lesser Mental Blast,Illusion,110,Curse,single_enemy,100,100,9,3,0,0,0,0,0,Causes the senses of your target are over stimulated - causing increasing intelligence for three hours and stealing some mana.
Minor Spirit Wave,Illusion,120,Evocation,all_enemies,160,100,9,3,0,0,0,0,0,Creates a wave of spiritual energy to emanate from the caster in a short range to all directions.
Lesser Acuity,Illusion,130,Enhancement,single_ally,1280,100,9,3,0,0,0,0,0,Heightens the intelligence of the target for six hours.
Featherlight,Illusion,140,Enhancement,single_ally,1280,100,9,3,0,0,0,0,0,This Illusionary Enhancement appears to lighten the target's load - allowing him or her to carry more gear without suffering from overencumberance. This spell only affect weight encumberance - not armour encumberance.
Mind Blank,Illusion,150,Curse,single_enemy,1280,100,9,3,0,0,0,0,0,This Illusionary Curse reduces the target's skill at arms and spells.
Lesser Aspect of,Illusion,160,Enhancement,single_ally,1280,100,9,3,0,0,0,0,0,This Illusionary Enhancement makes the target seem unreal - granting a small chance of avoiding blows.
Lesser Spirit Dart,Illusion,170,Evocation,single_enemy,1280,100,9,3,0,0,0,0,0,This Illusionary Evocation creates a dart of spiritual energy to strike a single enemy.
Instill Doubt,Illusion,180,Charm,single_enemy,1280,100,6,3,0,0,0,0,0,This Illusionary Charm inserts doubt in the target's mind - stunning them momentarily.
Harbinger of Panic,Illusion,190,Invocation,none,1,100,9,3,0,0,0,0,0,This Illusionary Invocation creates an insubstantial being composed of fear and dread to attack your enemies.
Spark of Insight,Illusion,200,Enhancement,single_ally,1280,100,9,3,0,0,0,0,0,This Illusionary Enhancement opens the target's mind - increasing his or her mana regeneration rate somewhat. Additional mana increases the duration of this effect.
Mental Blast,Illusion,210,Curse,single_enemy,1280,100,9,3,0,0,0,0,0,This Illusionary Curse causes the senses of your target to be overstimulated - causing decreased intelligence for three hours.
Lesser Spirit Wave,Illusion,220,Evocation,all_enemies,384,100,9,3,0,0,0,0,0,This Illusionary Evocation creates a wave of spiritual energy to emanate form the caster in a short range to all directions.
Increased Acuity,Illusion,230,Enhancement,single_ally,1280,100,9,3,0,0,0,0,0,This Illusionary Enhancement heightens the intelligence of the target for six hours.
Spectral Dart,Illusion,240,Evocation,single_enemy,960,100,6,3,0,0,0,0,0,This Illusionary Evocation strikes at a target's mind - invlicting mana and essence damage.
Hallucinagtion,Illusion,250,Curse,single_enemy,1280,100,9,3,0,0,0,0,0,This Illusionary Curse reduces the target's skill at arms and spells.
Aspect of,Illusion,260,Enhancement,single_ally,1280,100,9,3,0,0,0,0,0,This Illusionary Enhancement makes the target slightly unreal - grangint a small chance of avoiding blows.
Spirit Dart,Illusion,270,Evocation,single_enemy,1280,100,9,3,0,0,0,0,0,This Illusionary Evocation creates a dart of spiritual energy to strike a single enemy.
Instill Anxiety,Illusion,280,Charm,single_enemy,1280,100,6,3,0,0,0,0,0,This Illusionary Charm inserts doubt in the target's mind - stunning them momentarily.
Harbringer of Terror,Illusion,290,Invocation,none,1,100,9,3,0,0,0,0,0,This Illusionary Invocation creates an insubstantial being composed of fear and dread to attack your enemies.
Meditative Insight,Illusion,300,Enhancement,single_ally,1280,100,9,3,0,0,0,0,0,This Illusionary Enhancement opens the target's mind - increasing his or her mana regeneration rate. Additional mana increases the duration of this effect.
Greater Mental Blast,Illusion,310,Curse,single_enemy,1280,100,9,3,0,0,0,0,0,This Illusionary Curse causes the senses of your target to be overstimulated - causing decreased intelligence for three hours.
Spirit Wave,Illusion,320,Evocation,all_enemies,576,100,9,3,0,0,0,0,0,This Illusionary Evocation creates a wave of spiritual energy to emanate from teh caster in a short range to all directions.
Greater Acuity,Illusion,330,Enhancement,single_ally,1280,100,9,3,0,0,0,0,0,This Illusionary Enhancement heightens the intelligence of the target for six hours.
Infusion of Power,Illusion,340,Restoration,single_ally,1280,100,6,3,0,0,0,0,0,This Illusionary Restoration restores some Mana to one target.
Mass Hallucination,Illusion,350,Curse,all_enemies,960,100,9,3,0,0,0,0,0,This Illusionary Curse reduces the target's skill at arms and spells.
Greater Aspect of,Illusion,360,Enhancement,single_ally,1280,100,9,3,0,0,0,0,0,This Illusionary Enhancement makes the target slightly unreal - granting a chance of avoiding blows.
Greater Spirit Dart,Illusion,370,Evocation,single_enemy,1280,100,9,3,0,0,0,0,0,This Illusionary Evocation creates a dart of spiritual energy to strike a single enemy.
Instill Fear,Illusion,380,Charm,single_enemy,1280,100,6,3,0,0,0,0,0,This Illusionary Charm inserts doubt in the target's mind - stunning them momentarily.
Spirit of Fear,Illusion,390,Invocation,none,1,100,9,3,0,0,0,0,0,This Illusionary Invocation creates an insubstantial being composed of fear and dread to attack your enemies.
Simri's Insight,Illusion,400,Enhancement,single_ally,1280,100,9,3,0,0,0,0,0,This Illusionary Enhancement opens the target's mind - increasing his or her mana regeneration rate greatly. Additional mana increases the duration of this effect.
Major Mental Blast,Illusion,410,Curse,single_enemy,1280,100,9,3,0,0,0,0,0,This Illusionary Curse causes th senses of your target to be overstimulated - causing decreases intelligence for three hours.
Greater Spirit Wave,Illusion,420,Evocation,all_enemies,864,100,9,3,0,0,0,0,0,This Illusionary Evocation creates a wave of spiritual energy to emanate form the caster in a moderate range to all directions
Major Acuity,Illusion,430,Enhancement,single_ally,1280,100,9,3,0,0,0,0,0,This Illusionary Enhancement heightens the intelligence of the target for six hours.
Mind Over Body,Illusion,440,Enhancement,single_ally,1280,100,9,3,0,0,0,0,0,This Illusionary Enhancement appears to greatly lighten the tartet's load - allowing him or her to carry drastically more gear without suffering from overencumbrance. This spell only affects weight encumbrance - not armor encumbrance.
Confussion,Illusion,450,Curse,single_enemy,1280,100,9,3,0,0,0,0,0,This Illusionary Curse reduces the target's skill at arms and spells.
Aspect of Simri,Illusion,460,Enhancement,single_ally,1280,100,9,3,0,0,0,0,0,This Illusionary Enhancement makes the target slightly unreal - granting a chance of avoiding blows.
Major Spirit Dart,Illusion,470,Evocation,single_enemy,1280,100,9,3,0,0,0,0,0,This Illusionary Evocation creates a dart of spiritual energy to strike a single enemy.
Instill Dismay,Illusion,480,Charm,single_enemy,1280,100,6,3,0,0,0,0,0,This Illusionary Charm inserts doubt in the target's mind - stunning them momentarily.
Terrifying Apparition,Illusion,490,Invocation,none,1,100,9,3,0,0,0,0,0,This Illusionary Invocation creates an insubstantial being compsed of fear and dred to attack your enemies.
Commanding Insight,Illusion,500,Enhancement,single_ally,1280,100,9,3,0,0,0,0,0,This Illusionary Enhancement opens the target's mind
Minor Curse of Weakness,Necromancy,10,Curse,single_enemy,1280,100,6,3,0,0,0,0,0,This Necromantic Curse causes unholy energy to atrophy the target - weakening it for three hours.
Necrotic Touch,Necromancy,20,Restoration,single_enemy,100,100,6,3,0,0,0,0,0,This Necromantic restoration causes your target's flesh and spirit to wither and rot away with this unholy attack.
Essence of Darkness,Necromancy,30,Enhancement,self,100,100,12,4,0,0,0,0,0,This Necromantic Enhancement increases the caster's intelligence and skill at Necromancy - but atrophies his or her strength and constitution.
Minor Enervation,Necromancy,40,Evocation,single_enemy,1280,100,9,3,0,0,0,0,0,This Necromantic Evocation creates a bolt of unholy energy that is launched at a single enemy.
Minor Animation,Necromancy,50,Invocation,none,10,100,9,3,0,0,0,0,0,This Necromantic Invocation calls upon the dead to walk the earth! This spell creates a Fresh Zombie.
Minor Curse of Withering,Necromancy,60,Curse,single_enemy,1280,100,6,3,0,0,0,0,0,This Necromantic Curse causes unholy energy to devastate the target - causing constitution and dexterity loss for three hours.
Minor Spirit Aegis,Necromancy,70,Warding,single_ally,1280,100,9,3,0,0,0,0,0,This Necromantic Warding protects your target somewhat from all spiritual damage types.
Skeletal Servant,Necromancy,80,Invocation,none,1,100,9,3,0,0,0,0,0,This Necromantic Invocation calls upon the dead to walk the earth! This spell creates a Mangled Skeleton.
Necropolis,Necromancy,90,Invocation,self,1,100,10,5,0,0,0,0,0,This Necromatic Invocation teleports the caster to the Graveyard.
Blight,Necromancy,100,Curse,single_enemy,1280,100,6,3,0,0,0,0,0,This Necromantic Curse decreases the regeneration rate of your target for a very short duration.
Lesser Curse of Weakness,Necromancy,110,Curse,single_enemy,1280,100,6,3,0,0,0,0,0,This Necromantic Curse causes unholy energy to atrophy the target - weakening it for three hours.
Shadowform,Necromancy,120,Enhancement,self,100,100,12,4,0,0,0,0,0,This Necromantic enhancement grants the caster some properties of a shadow - specifically evasion.
Essence of Spite,Necromancy,130,Enhancement,self,100,100,12,4,0,0,0,0,0,This Necromantic Enhancement increases the caster's intelligence and skill at Necromancy - but atrophies his or her strength and constitution.
Infernal Energies,Necromancy,140,Evocation,single_enemy,1280,100,9,3,0,0,0,0,0,This Necromantic Evocation creates a bolt of unholy energy that is launched at a single enemy.
Lesser Animation,Necromancy,150,Invocation,none,1,100,9,3,0,0,0,0,0,This Necromantic Invocation calls upon the dead to walk the earth! This spell creates a Carrion Eater.
Lesser Curse of Withering,Necromancy,160,Curse,single_enemy,1280,100,6,3,0,0,0,0,0,This Necromantic Curse causes unholy energy to devastate the target - causing constitution and dexterity loss for three hours.
Lesser Spirit Aegis,Necromancy,170,Warding,single_ally,1280,100,9,3,0,0,0,0,0,This Necromantic Warding protects your target somewhat from all spiritual damage types.
Skeletal Apprentice,Necromancy,180,Invocation,none,1,100,9,3,0,0,0,0,0,This Necromantic Invocation calls upon the dead to walk the earth! This spell creates a skeletal necromancer which attacks your enemies.
Davey Jones' Locker,Necromancy,190,Invocation,self,1,100,10,5,0,0,0,0,0,This Necromatic Invocation teleports the caster to the coastal haunt of the drowned ones.
Contagion,Necromancy,200,Curse,single_enemy,1280,100,6,3,0,0,0,0,0,This Necromantic Curse decreases the regeneration rate of your target for a very short duration.
Curse of Weakness,Necromancy,210,Curse,single_enemy,1280,100,6,3,0,0,0,0,0,This Necromantic Curse causes unholy energy to atrophy the target - weakening it for three hours.
Wracking Touch,Necromancy,220,Restoration,single_enemy,300,100,6,3,0,0,0,0,0,This Necromantic Evocation damages your target's spirit and flesh - inflicting essence and blood damage.
Essence of Villainy,Necromancy,230,Enhancement,self,100,100,12,4,0,0,0,0,0,This Necromantic Enhancement increases the caster's intelligence and skill at Necromancy - but atrophies his or her strength and constitution.
Gloom Strike,Necromancy,240,Evocation,single_enemy,960,100,9,3,0,0,0,0,0,This Necromantic Evocation creates a rift of unholy energy to appear around a single enemy - unearrily striking the target.
Animation,Necromancy,250,Invocation,none,1,100,9,3,0,0,0,0,0,This Necromantic Invocation calls upon the dead to walk the earth! This spell creates a Corpse Eater.
Curse of Withering,Necromancy,260,Curse,single_enemy,1280,100,6,3,0,0,0,0,0,This Necromantic Curse causes unholy energy to devastate the target - causing constitution and dexterity loss for three hours.
Shadeform,Necromancy,270,Enhancement,self,100,100,12,4,0,0,0,0,0,This Necromantic enhancement grants the caster some properties of a shadow - specifically evasion.
Skeletal Squire,Necromancy,280,Invocation,none,1,100,9,3,0,0,0,0,0,This Necromantic Invocation calls upon the dead to walk the earth! This spell creates a Skeletal Squire.
Death House,Necromancy,290,Invocation,self,1,100,10,5,0,0,0,0,0,This Necromatic Invocation teleports the caster to the ruins of the Temple of Noir.
Pestilence,Necromancy,300,Curse,single_enemy,1280,100,6,3,0,0,0,0,0,This Necromantic Curse decreases the regeneration rate of your target for a very short duration.
Greater Curse of Weakness,Necromancy,310,Curse,single_enemy,1280,100,6,3,0,0,0,0,0,This Necromantic Curse causes unholy energy to atrophy the target - weakening it for three hours.
Wraith Form,Necromancy,320,Enhancement,self,100,100,12,4,0,0,0,0,0,This Necromantic enhancement grants the caster some properties of a shadow - specifically evasion.
Essence of Depravity,Necromancy,330,Enhancement,self,100,100,12,4,0,0,0,0,0,This Necromantic Enhancement increases the caster's intelligence and skill at Necromancy - but atrophies his or her strength and constitution.
Wave of Darkness,Necromancy,340,Evocation,front_enemies,1280,100,12,4,0,0,0,0,0,This Necromantic Evocation attacks all enemies you are facing with bolts of unholy energy.
Greater Animation,Necromancy,350,Invocation,none,1,100,9,3,0,0,0,0,0,This Necromantic Invocation calls upon the dead to walk the earth! This spell creates a Flesh Eater.
Greater Curse of Withering,Necromancy,360,Curse,single_enemy,1280,100,6,3,0,0,0,0,0,This Necromantic Curse causes unholy energy to devastate the target - causing constitution and dexterity loss for three hours.
Greater Unholy Spirit Aegis,Necromancy,370,Warding,single_ally,1280,100,9,3,0,0,0,0,0,This Necromantic Warding protects your target somewhat from all spiritual damage types.
Skeletal Necromancer,Necromancy,380,Invocation,none,1,100,9,3,0,0,0,0,0,This Necromatic Invocation calls upon the dead to walk the earth! This spell creates a skeletal necromancer which attacks your enemies.
Plague,Necromancy,400,Curse,single_enemy,1280,100,6,3,0,0,0,0,0,This Necromantic Curse decreases the regeneration rate of your target for a very short duration.
Major Curse of Weakness,Necromancy,410,Curse,single_enemy,1280,100,6,3,0,0,0,0,0,This Necromantic Curse causes unholy energy to atrophy the target - weakening it for three hours.
Vampire Touch,Necromancy,420,Restoration,single_enemy,300,100,6,3,0,0,0,0,0,This Necromantic Evocation damages your target's spirit and flesh - inflicting essence and blood damage.
Essence of Pure Evil,Necromancy,430,Enhancement,self,100,100,12,4,0,0,0,0,0,This Necromantic Enhancement increases the caster's intelligence and skill at Necromancy - but atrophies his or her strength and constitution.
Eternal Night,Necromancy,440,Evocation,all_enemies,1280,100,15,5,0,0,0,0,0,Foul black energy washes over the battlefield when this Necromantic Evocation is cast - attacking all enemies with bolts of unholy energy.
Major Animation,Necromancy,450,Invocation,none,1,100,9,3,0,0,0,0,0,This Necromantic Invocation calls upon the dead to walk the earth! This spell creates a Vernal Ghoul.
Major Curse of Withering,Necromancy,460,Curse,single_enemy,1280,100,6,3,0,0,0,0,0,This Necromantic Curse causes unholy energy to devastate the target - causing constitution and dexterity loss for three hours.
Major Unholy Spirit Aegis,Necromancy,470,Warding,single_ally,1280,100,9,3,0,0,0,0,0,This Necromantic Warding protects your target somewhat from all spiritual damage types.
Skeletal Warrior,Necromancy,480,Invocation,none,1,100,9,3,0,0,0,0,0,This Necromantic Invocation calls upon the dead to walk the earth! This spell creates a skeletal warrior to attack your enemies.
Accursed Bastion,Necromancy,490,Invocation,self,1,100,10,5,0,0,0,0,0,This Necromatic Invocation teleports the caster to the dungeon in Bane.
Death's Frozen Grip,Necromancy,500,Evocation,single_enemy,960,100,10,6,0,0,0,0,0,This Necromantic Evocation freezes the very soul of a targeted enemy.
Healing Touch,Shamanic,10,Restoration,single_ally,100,100,6,3,0,0,0,0,0,A touch range Shamanic restoration that heals HP.
Minor Healing,Shamanic,20,Restoration,single_ally,960,100,6,3,0,0,0,0,0,A Shamanic Restoration that heals HP and BP equally.
Minor Invigoration,Shamanic,30,Enhancement,single_ally,1280,100,9,3,0,0,0,0,0,This Shamanic Enhancement causes holy energy to invigorate the target - making it hardier for six hours.
Minor Restoration,Shamanic,40,Restoration,single_ally,960,100,6,3,0,0,0,0,0,A Shamanic Restoration that heals mostly BP with some minor HP healing.
Minor Sanctuary,Shamanic,50,Warding,single_ally,1280,100,9,3,0,0,0,0,0,The Shamanic Warding protects your target somewhat from all physical damage types.
Minor Smite,Shamanic,60,Evocation,single_enemy,100,100,6,4,0,0,0,0,0,This Shamanic Evocation strikes your opponent with a blast of holy energy.
Minor Spirit Aegis,Shamanic,70,Warding,single_ally,1280,100,9,3,0,0,0,0,0,This Shamanic Warding protects your target somewhat from all spiritual damage types.
Heal Minor Wounds,Shamanic,80,Restoration,single_ally,960,100,6,3,0,0,0,0,0,A Shamanic Restoration that heals mostly HP.
Minor Holy Touch,Shamanic,90,Restoration,single_ally,100,100,6,3,0,0,0,0,0,A touch range Shamanic Restoration that heals HP and EP.
Gift of Life,Shamanic,100,Restoration,single_ally,100,100,15,10,0,0,0,0,0,This Shamanic Restoration returns a fallen comrade to life.
Holy Bolt,Shamanic,110,Evocation,single_enemy,1280,100,10,4,0,0,0,0,0,This Shamanic Evocation creates a bolt of holy energy that is launched at a single enemy.
Lesser Healing,Shamanic,120,Restoration,single_ally,960,100,6,3,0,0,0,0,0,A Shamanic Restoration that heals HP and BP equally.
Lesser Invigoration,Shamanic,130,Enhancement,single_ally,1280,100,9,3,0,0,0,0,0,This Shamanic Enhancement causes holy energy to invigorate the target - making it hardier for six hours.
Lesser Restoration,Shamanic,140,Restoration,single_ally,960,100,6,3,0,0,0,0,0,A Shamanic Restoration that heals mostly BP with some minor HP healing.
Lesser Sanctuary,Shamanic,150,Warding,single_ally,1280,100,9,3,0,0,0,0,0,This Shamanic Warding protects your target somewhat from all physical damage types.
Healing Arc,Shamanic,160,Restoration,front_allies,960,100,6,3,0,0,0,0,0,This Restoration can only be cast in combat - but heals all allies that you are facing. It heals HP and BP equally.
Lesser Spirit Aegis,Shamanic,170,Warding,single_ally,1280,100,9,3,0,0,0,0,0,This Shamanic Warding protects your target somewhat from all spiritual damage types.
Heal Lesser Wounds,Shamanic,180,Restoration,single_ally,960,100,6,3,0,0,0,0,0,A Shamanic Restoration that heals mostly HP.
Lesser Holy Touch,Shamanic,190,Restoration,single_ally,100,100,6,3,0,0,0,0,0,A touch range Shamanic Restoration that heals HP and EP.
Arise and Heal,Shamanic,200,Restoration,single_ally,360,100,14,10,0,0,0,0,0,This Shamanic Restoration returns a fallen comrad to life - and heals them as if you cast Moderate Healing.
Lesser Aura,Shamanic,210,Enhancement,single_ally,200,100,9,3,0,0,0,0,0,This Shamanic Enhancement fills your target with holy energy - granting a very short duration regeneration enhancement - affecting hit points and blood points. Additional mana increases the duration of this effect.
Moderate Healing,Shamanic,220,Restoration,single_ally,960,100,6,3,0,0,0,0,0,A Shamanic Restoration that heals HP and BP equally.
Invigoration,Shamanic,230,Enhancement,single_ally,1280,100,9,3,0,0,0,0,0,This Shamanic Enhancement causes holy energy to invigorate the target - making it hardier and stronger for six hours.
Moderate Restoration,Shamanic,240,Restoration,single_ally,960,100,6,3,0,0,0,0,0,A Shamanic Restoration that heals mostly BP with some minor HP healing.
Sanctuary,Shamanic,250,Warding,single_ally,1280,100,9,3,0,0,0,0,0,This Shamanic Warding protects your target significantly from all physical damage types.
Circle of Healing,Shamanic,260,Restoration,all_allies,960,100,9,3,0,0,0,0,0,This Shamanic Restoration heals all nearby allies. It heals HP and BP equally.
Holy Spirit Aegis,Shamanic,270,Warding,single_ally,1280,100,9,3,0,0,0,0,0,This Shamanic Warding protects your target somewhat from all spiritual damage types.
Heal Moderate Wounds,Shamanic,280,Restoration,single_ally,960,100,6,3,0,0,0,0,0,A Shamanic Restoration that heals mostly HP.
Holy Touch,Shamanic,290,Restoration,single_ally,100,100,6,3,0,0,0,0,0,A touch range Shamanic Restoration that heals HP and EP.
Resurrection,Shamanic,300,Restoration,single_ally,480,100,15,10,0,0,0,0,0,This Shamanic Restoration returns a fallen comrade to life - and heals them as if you cast Greater Healing.
Smite Evil,Shamanic,310,Evocation,single_enemy,200,100,6,3,0,0,0,0,0,This Shamanic Evocation strikes your opponent with a blast of holy energy.
Greater Healing,Shamanic,320,Restoration,single_ally,960,100,6,3,0,0,0,0,0,A Shamanic Restoration that heals HP and BP equally.
Blessed Invigoration,Shamanic,330,Enhancement,single_ally,1280,100,9,3,0,0,0,0,0,This Shamanic Enhancement causes holy energy to invigorate the target - making it hardier and stronger for six hours.
Greater Restoration,Shamanic,340,Restoration,single_ally,960,100,6,3,0,0,0,0,0,A Shamanic Restoration that heals mostly BP with some minor HP healing.
Greater Sanctuary,Shamanic,350,Warding,single_ally,1280,100,9,3,0,0,0,0,0,This Shamanic Warding protects your target significantly from all physical damage types.
Aura of Healing,Shamanic,360,Restoration,all_allies,960,100,9,3,0,0,0,0,0,This Shamanic Restoration heals all nearby allies. It heals HP and BP equally.
Greater Holy Spirit Aegis,Shamanic,370,Warding,single_ally,1280,100,9,3,0,0,0,0,0,This Shamanic Warding protects your target somewhat from all spiritual damage types.
Heal Greater Wounds,Shamanic,380,Restoration,single_ally,960,100,6,3,0,0,0,0,0,A Shamanic Restoration that heals mostly HP.
Greater Holy Touch,Shamanic,390,Restoration,single_ally,100,100,6,3,0,0,0,0,0,A touch range Shamanic Restoration that heals HP and EP.
Temple Gate,Shamanic,400,Invocation,self,1,100,10,5,0,0,0,0,0,This Shamanic incantation teleports the caster to the Temple of Erosis.
Aura,Shamanic,410,Enhancement,single_ally,300,100,9,3,0,0,0,0,0,This Shamanic Enhancement fills your target with holy energy - granting a very short duration regeneration enhancement - affecting hit points and blood points - and essence. Additional mana increases the duration of this effect.
Major Healing,Shamanic,420,Restoration,single_ally,960,100,6,3,0,0,0,0,0,A Shamanic Restoration that heals HP and BP equally.
Holy Invigoration,Shamanic,430,Enhancement,single_ally,1280,100,9,3,0,0,0,0,0,This Shamanic Enhancement causes holy energy to invigorate the target - making it hardier and stronger for six hours.
Major Restoration,Shamanic,440,Restoration,single_ally,960,100,6,3,0,0,0,0,0,A Shamanic Restoration that heals mostly BP with some minor HP healing.
Holy Sanctuary,Shamanic,450,Warding,single_ally,1280,100,9,3,0,0,0,0,0,This Shamanic Warding protects your target from all physical damage types.
Holy Smite,Shamanic,460,Evocation,all_enemies,300,100,9,3,0,0,0,0,0,This Shamanic Evocation strikes all opponents within touch range with blasts of holy energy.
Major Holy Spirit Aegis,Shamanic,470,Warding,single_ally,1280,100,9,3,0,0,0,0,0,This Shamanic Warding protects your target somewhat from all spiritual damage types.
Heal Major Wounds,Shamanic,480,Restoration,single_ally,960,100,6,3,0,0,0,0,0,A Shamanic Restoration that heals mostly HP.
Mass Holy Touch,Shamanic,490,Restoration,all_allies,700,100,12,4,0,0,0,0,0,This Shamanic Restoration heals all nearby allies for both HP and EP.
Guardian Spirit,Shamanic,500,Invocation,none,1,100,9,3,0,0,0,0,0,This Shamanic Invocation summons a supernatural guardian sent to you by Erosis herself to protect you in your efforts against the unredeemable. This spirit will heal you and your allies in battle.
Fire Dart,Sorcery,10,Evocation,single_enemy,1280,100,6,3,0,0,0,0,0,This Sorcery Evocation creates a dart made from fire to strike a single enemy.
Ice Dart,Sorcery,20,Evocation,single_enemy,1280,100,6,3,0,0,0,0,0,This Sorcery Evocation creates a dart of icy shards to strike a single enemy.
Shock Dart,Sorcery,30,Evocation,single_enemy,1280,100,6,3,0,0,0,0,0,This Sorcery Evocation creates a dart of electricity to strike a single enemy.
Acid Dart,Sorcery,40,Evocation,single_enemy,1280,100,6,3,0,0,0,0,0,This Sorcery Evocation creates a dart of acid to strike a single enemy.
Minor Elemental Shield,Sorcery,50,Warding,single_ally,1280,100,9,3,0,0,0,0,0,This Sorcery Warding protects your target somewhat from all elemental damage types.
Call Flame,Sorcery,60,Evocation,single_enemy,960,100,6,3,0,0,0,0,0,This Sorcery Evocation creates an arrow made from fire to unerringly strike a single enemy.
Call Frost,Sorcery,70,Evocation,single_enemy,960,100,6,3,0,0,0,0,0,This Sorcery Evocation creates an arrow made from ice to unerringly strike a single enemy.
Call Lightning,Sorcery,80,Evocation,single_enemy,960,100,6,3,0,0,0,0,0,This Sorcery Evocation creates an arrow made from lightning to unerringly strike a single enemy.
Call Acid,Sorcery,90,Evocation,single_enemy,960,100,6,3,0,0,0,0,0,This Sorcery Evocation creates an arrow made from acid to unerringly strike a single enemy.
Element's Anger,Sorcery,100,Evocation,single_enemy,1280,100,9,3,0,0,0,0,0,This Sorcery Evocation tears a hole in reality - gating two random elements directly onto the target.
Fire Spray,Sorcery,110,Evocation,front_enemies,1280,100,9,3,0,0,0,0,0,This Sorcery Evocation creates multiple bolts of flame to strike a number of enemies.
Ice Spray,Sorcery,120,Evocation,front_enemies,1280,100,9,3,0,0,0,0,0,This Sorcery Evocation creates multiple blasts of ice to strike a number of enemies.
Shock Spray,Sorcery,130,Evocation,front_enemies,1280,100,9,3,0,0,0,0,0,This Sorcery Evocation creates multiple blasts of lightning to strike a number of enemies.
Acid Spray,Sorcery,140,Evocation,front_enemies,1280,100,9,3,0,0,0,0,0,This Sorcery Evocation creates multiple blasts of acid to strike a number of enemies.
Lesser Elemental Shield,Sorcery,150,Warding,single_ally,1280,100,9,3,0,0,0,0,0,This Sorcery Warding protects your target somewhat from all elemental damage types.
Fire Spear,Sorcery,160,Evocation,single_enemy,1280,100,6,3,0,0,0,0,0,This Sorcery Evocation creates a spear of flames to strike a single enemy.
Ice Spear,Sorcery,170,Evocation,single_enemy,1280,100,6,3,0,0,0,0,0,This Sorcery Evocation creates a spear of ice to strike a single enemy.
Shock Spear,Sorcery,180,Evocation,single_enemy,1280,100,6,3,0,0,0,0,0,This Sorcery Evocation creates a spear of lightning to strike a single enemy.
Acid Spear,Sorcery,190,Evocation,single_enemy,1280,100,6,3,0,0,0,0,0,This Sorcery Evocation creates a spear of acid to strike a single enemy.
Sorcerer's Finesse,Sorcery,200,Enhancement,single_ally,1280,100,6,3,0,0,0,0,0,This Sorcery Enhancement manipulates the elements to increase the target's dexterity for six hours.
Fire Salvo,Sorcery,210,Evocation,front_enemies,1280,100,9,3,0,0,0,0,0,This Sorcery Evocation creates a barrage of flames to strike a number of enemies.
Ice Salvo,Sorcery,220,Evocation,front_enemies,1280,100,9,3,0,0,0,0,0,This Sorcery Evocation creates a barrage of ice to strike a number of enemies.
Shock Salvo,Sorcery,230,Evocation,front_enemies,1280,100,9,3,0,0,0,0,0,This Sorcery Evocation creates a barrage of lightning to strike a number of enemies.
Acid Salvo,Sorcery,240,Evocation,front_enemies,1280,100,9,3,0,0,0,0,0,This Sorcery Evocation creates a barrage of acid to strike a number of enemies.
Elemental Shield,Sorcery,250,Warding,single_ally,1280,100,9,3,0,0,0,0,0,This Sorcery Warding protects your target somewhat from all elemental damage types.
Fire Lance,Sorcery,260,Evocation,single_enemy,960,100,6,3,0,0,0,0,0,This Sorcery Evocation creates a lance of flames to strike a single enemy.
Ice Lance,Sorcery,270,Evocation,single_enemy,960,100,6,3,0,0,0,0,0,This Sorcery Evocation creates a lance of ice to strike a single enemy.
Shock Lance,Sorcery,280,Evocation,single_enemy,960,100,6,3,0,0,0,0,0,This Sorcery Evocation creates a lance of lightning to strike a single enemy.
Acid Lance,Sorcery,290,Evocation,single_enemy,960,100,6,3,0,0,0,0,0,This Sorcery Evocation creates a lance of acid to strike a single enemy.
Element's Rage,Sorcery,300,Evocation,single_enemy,1920,100,9,3,0,0,0,0,0,This Sorcery Evocation tears a hole in reality - gating three random elements directly onto the target.
Fire Wave,Sorcery,310,Evocation,all_enemies,1280,100,12,4,0,0,0,0,0,This Sorcery Evocation causes flames to erupt from the caster - blasting all enemies within range.
Ice Wave,Sorcery,320,Evocation,all_enemies,1280,100,12,4,0,0,0,0,0,This Sorcery Evocation causes icy shards to erupt from the caster - blasting all enemies within range.
Shock Wave,Sorcery,330,Evocation,all_enemies,1280,100,12,4,0,0,0,0,0,This Sorcery Evocation causes bolts of lightning to erupt from the caster - blasting all enemies within range.
Acid Wave,Sorcery,340,Evocation,all_enemies,1280,100,12,4,0,0,0,0,0,This Sorcery Evocation causes gouts of acid to erupt from the caster - blasting all enemies within range.
Great Elemental Shield,Sorcery,350,Warding,single_ally,1280,100,9,3,0,0,0,0,0,This Sorcery Warding protects your target somewhat from all elemental damage types.
Fire Blast,Sorcery,360,Evocation,single_enemy,1280,100,6,3,0,0,0,0,0,This Sorcery Evocation creates a blast of flames to strike a single enemy.
Ice Blast,Sorcery,370,Evocation,single_enemy,1280,100,6,3,0,0,0,0,0,This Sorcery Evocation creates a blast of ice to strike a single enemy.
Shock Blast,Sorcery,380,Evocation,single_enemy,1280,100,6,3,0,0,0,0,0,This Sorcery Evocation creates a blast of electricity to strike a single enemy.
Acid Blast,Sorcery,390,Evocation,single_enemy,1280,100,6,3,0,0,0,0,0,This Sorcery Evocation creates a blast of acid to strike a single enemy.
Prestidigitator's Boon,Sorcery,400,Enhancement,single_ally,1280,100,6,3,0,0,0,0,0,This Sorcery Enhancement manipulates the elements to greatly increase the target's dexterify for six hours.
Fire Volley,Sorcery,410,Evocation,front_enemies,1280,100,9,3,0,0,0,0,0,This Sorcery Evocation creates a barrage of flames to strike a number of enemies.
Ice Volley,Sorcery,420,Evocation,front_enemies,1280,100,9,3,0,0,0,0,0,This Sorcery Evocation creates a barrage of ice to strike a number of enemies.
Shock Volley,Sorcery,430,Evocation,front_enemies,1280,100,9,3,0,0,0,0,0,This Sorcery Evocation creates a barrage of lightning to strike a number of enemies.
Acid Volley,Sorcery,440,Evocation,front_enemies,1280,100,9,3,0,0,0,0,0,This Sorcery Evocation creates a barrage of acid to strike a number of enemies.
Major Elemental Shield,Sorcery,450,Warding,single_ally,1280,100,9,3,0,0,0,0,0,This Sorcery Warding protects your target somewhat from all elemental damage types.
Fiery Inferno,Sorcery,460,Evocation,all_enemies,1280,100,12,4,0,0,0,0,0,Raging fires erupt from the caster as this Corcery Evocation incinerates all enemies within range.
Glacial Rage,Sorcery,470,Evocation,all_enemies,1280,100,12,4,0,0,0,0,0,A thundering avalanch of ice flows from the caster as this Sorcery Evocation freezes all enemies within range.
Shock Barrage,Sorcery,480,Evocation,all_enemies,1280,100,12,4,0,0,0,0,0,A cascade of lightning bursts forth from the caster as this Sorcery Evocation electrifies all enemies within range.
Acidic Deluge,Sorcery,490,Evocation,all_enemies,1280,100,12,4,0,0,0,0,0,A torrent of acid pours from the caster as this Sorcery Evocation corrodes all enemies within range.
Elemental Torrent,Sorcery,500,Evocation,single_enemy,1920,100,9,3,0,0,0,0,0,This Sorcery Evocation tears a hole in reality - gating four random elements directly onto the target.
Minor Ward,Summoning,10,Warding,single_ally,1280,100,9,3,0,0,0,0,0,Protects your target somewhat from all physical and spiritual damage types.
Summon Minor Minion,Summoning,20,Invocation,none,1,100,6,3,0,0,0,0,0,Summons an impling form another plane to serve the caster.
Dark Insight,Summoning,30,Enhancement,single_ally,1280,100,9,3,0,0,0,0,0,Heightens the intelligence of the target for six hours.
Corrosive Touch,Summoning,40,Evocation,single_enemy,100,100,6,3,0,0,0,0,0,Burns the opponent with powerful acid.
Invisible Servant,Summoning,50,Enhancement,self,1280,100,9,3,0,0,0,0,0,This Summoning invocation calls an invisible servant to help carry some of the caster's gear. This spell only affects weight encumbrance - not armor encumbrance.
Minor Chains of Darkness,Summoning,60,Curse,single_enemy,1280,100,9,3,0,0,0,0,0,Weighs the target down with phantom chains - causing strength and dexterity loss for three hours.
Minor Infernal Might,Summoning,70,Enhancement,single_ally,1280,100,9,3,0,0,0,0,0,Increases the Strength and dexterity of the target for six hours.
Summon Dark Apprentice,Summoning,80,Invocation,none,1,100,6,3,0,0,0,0,0,Summons a spell casting imp from another plane to serve the caster. Dark Apprentices specialize in offensive magic.
Minor Blood Call,Summoning,90,Evocation,single_enemy,960,100,9,3,0,0,0,0,0,Creates a direct-damage aura about a single enemy that calls his or her blood to you - causing some harm.
Retro-cognition,Summoning,100,Enhancement,single_ally,1280,100,9,3,0,0,0,0,0,This Summoning Enhancement delivers some of the knowlege of the ancients - increasing the lore skill of the caster or an ally.
Lesser Ward,Summoning,110,Warding,single_ally,1280,100,9,3,0,0,0,0,0,Protects your target somewhat from all physical and spiritual damage types.
Summon Lesser Minion,Summoning,120,Invocation,none,1,100,6,3,0,0,0,0,0,Summons a minor imp from another plane to sever the caster.
Dark Knowledge,Summoning,130,Enhancement,single_ally,1280,100,9,3,0,0,0,0,0,Heightens the intelligence of the target for six hours.
Acid Vent,Summoning,140,Evocation,single_enemy,960,100,9,3,0,0,0,0,0,This Summoning Evocation opens a vent portal from the elemental plane to unerringly strikc a single enemy with acid.
Step Between Worlds,Summoning,150,Invocation,self,1,100,10,5,0,0,0,0,0,This Summoning Invocation attemps to teleport the caster to Kaj Blood. Higher steps grant higher accuracy.
Lesser Chains of Darkness,Summoning,160,Curse,single_enemy,1280,100,8,3,0,0,0,0,0,This Summoning Curse weighs the target down with phantom chains - causing strength and dexterity loss for three hours.
Lesser Infernal Might,Summoning,170,Enhancement,single_ally,1280,100,9,3,0,0,0,0,0,This Summoning Enhancement increases the strength and dexterity of the target for six hours.
Summon Dark Acolyte,Summoning,180,Invocation,none,1,100,6,3,0,0,0,0,0,This Summoning Invocation summons a spellcasting imp from another plane to serve the caster. Dark Acolytes specialize in healing magic.
Lesser Blood Call,Summoning,190,Evocation,single_enemy,960,100,9,3,0,0,0,0,0,This Summoning Evocation creates an direct-damage aura about a single enemy that calls his or her blood to you - causing some harm.
Crafter's Gate,Summoning,200,Invocation,self,1,100,10,5,0,0,0,0,0,This Summoning invocation teleports the caster to the gates of Carthas.
Dark Ward,Summoning,210,Warding,single_ally,1280,100,9,3,0,0,0,0,0,This Summoning Warding protects your target moderately from all physical and spiritual damage types - and a minor amount from elemental damage.
Summon Infernal Minion,Summoning,220,Invocation,none,1,100,6,3,0,0,0,0,0,This Summoning Invocation summons a young imp from another plane to serve the caster.
Dark Wisdom,Summoning,230,Enhancement,single_ally,1280,100,9,3,0,0,0,0,0,This Summoning Enhancement heightens the intelligence of the target for six hours.
Acid Geyser,Summoning,240,Evocation,single_enemy,960,100,9,3,0,0,0,0,0,This Summoning Evocation opens a geyser portal from the elemental plane to unerringly strike a single enemy with acid.
Second Step Beyond,Summoning,250,Invocation,self,1,100,10,5,0,0,0,0,0,This Summoning Invocation teleports the caster randomly to one of five locations in South Vormis.
Chains of Darkness,Summoning,260,Curse,single_enemy,1280,100,9,3,0,0,0,0,0,This Summoning Curse weighs the target down with phantom chains - causing strength and dexterify loss for three hours.
Infernal Might,Summoning,270,Enhancement,single_ally,1280,100,9,3,0,0,0,0,0,This Summoning Enhancement increases the strength and dexterify of the target for six hours.
Summon Dark Mage,Summoning,280,Invocation,none,1,100,6,3,0,0,0,0,0,This Summoning Invocation summons a spellcasting imp from another plane to serve the caster. Dark Mages specialize in moderate healing magic.
Blood Call,Summoning,290,Enhancement,single_enemy,960,100,9,3,0,0,0,0,0,This Summoning Evocation creates an direct-damage aura about a single enemy that calls his or her blood to you - causing moderate harm.
Greater Ward,Summoning,310,Warding,single_ally,1280,100,9,3,0,0,0,0,0,This Summoning Warding protects your target from all physical and spiritual damage types - and a lesser amount from elemental damage.
Summon Greater Minion,Summoning,320,Invocation,none,1,100,6,3,0,0,0,0,0,This Summoning Invocation summons a dangerous - magic-eating minor devourer from another plane to serve the caster.
Dark Sapience,Summoning,330,Enhancement,single_ally,1280,100,9,3,0,0,0,0,0,This Summoning Enhancement heightens the intelligence of the target for six hours.
Lava Spout,Summoning,340,Enhancement,single_enemy,960,100,9,3,0,0,0,0,0,This Summoning Evocation opens a spout portal from the elemental plane to unerringly strike a single enemy with fire.
Third Step Beyond,Summoning,350,Invocation,self,1,100,10,5,0,0,0,0,0,This Summoning Invocation teleports the caster randomly to one of five locations in South Vormis.
Greater Chains of Darkness,Summoning,360,Curse,single_enemy,1280,100,9,3,0,0,0,0,0,This Sumoning Curse weighs the target down with phantom chains - causing strength and dexterity loss for three hours.
Greater Infernal Might,Summoning,370,Enhancement,single_ally,1280,100,9,4,0,0,0,0,0,This Summoning Enhancement increases the strength and dexterify of the target for six hours.
Summon Dark Shaman,Summoning,380,Invocation,none,1,100,6,3,0,0,0,0,0,This Summoning Invocation summs a spellcasting imp from another plane to serve the caster - Dark Shamans specialize in healing magic.
Greater Blood Call,Summoning,390,Evocation,single_enemy,960,100,9,3,0,0,0,0,0,This Summoning Evocation creates an direct-damage aura about a single enemy that calls his or her blood to you - causing great harm.
Fall's Gate,Summoning,400,Invocation,self,1,100,10,5,0,0,0,0,0,This Summoning invocation teleports the caster to the riverport city of Kendall Falls.
Major Ward,Summoning,410,Warding,single_ally,1280,100,9,3,0,0,0,0,0,This Summoning Warding protects your target significantly form all physical and spiritual damage types - and a lesser amount from elemental damage.
Summon Major Minion,Summoning,420,Invocation,none,1,100,6,3,0,0,0,0,0,This Summoning Invocation summons a dangerous - magic-eating lesser devourer from another plane to serve the caster.
Dark Revelation,Summoning,430,Enhancement,single_ally,1280,100,9,4,0,0,0,0,0,This Summoning Enhancement heightens the intelligence of the target for six hours.
HellFire,Summoning,440,Evocation,all_enemies,960,100,15,5,0,0,0,0,0,This Summoning Evocation opens a gate to fiery infernal pits - striking all enemies within range with gouts of flame.
Acashic Records,Summoning,450,Enhancement,self,1,100,9,3,0,0,0,0,0,This Summoning Enhancement calls upon the souls of their ancestors for knowledge - increasing the caster's lore skill.
Prison of Darkness,Summoning,460,Curse,single_enemy,1280,100,9,3,0,0,0,0,0,This Summoning Curse weighs the target down with phantom chains - causing strength and dexterity loss for three hours.
Might of the Abyss,Summoning,470,Enhancement,single_ally,1280,100,9,3,0,0,0,0,0,This Summoning Enhancement increases the strength and dexterify of the target for six hours.
Summon Greater Imp,Summoning,480,Invocation,none,1,100,6,3,0,0,0,0,0,This Summoning Invocation summons a greater imp from another plane to serve the caster.
Major Blood Call,Summoning,490,Enhancement,single_enemy,960,100,9,3,0,0,0,0,0,This Summoning Evocation creates an direct-damage aura about a single enemy that calls his or her blood to you - causing major harm.
Spirit Wreak,Summoning,500,Evocation,single_enemy,1280,100,9,3,0,0,0,0,0,This Summoning Evocation creates a bolt of pure energy to punish a single enemy.
